{
  "Beauty": -0.1952141793888422,
  "Electronics": -0.4333601034994599,
  "Fashion": -0.2396051408814891,
  "Grocery": -0.17820725161039946,
  "Home": -0.24736377654008457
}